trace,prefetcher,IPC,speedup,coverage,accuracy_issued,accuracy_filled,L2_demand_misses,baseline_demand_misses,L2_MPKI_demand,late_frac
astar,nopref,0.53061,,,,,259956,,1.733,
astar,bingo,0.53187,1.0024,0.0545,0.0311,0.4324,245789,259956,1.6386,0.0113
astar,ipcp,0.5337,1.0058,0.23,0.0358,0.0786,200167,259956,1.3344,0.00265
astar,spp_dev2,0.53264,1.0038,0.0715,0.1038,0.9114,241379,259956,1.6092,0.00066
astar,streamer,0.53263,1.0038,0.1583,0.1595,0.6218,218801,259956,1.4587,0.00048
astar,stride,0.53212,1.0028,0.1443,0.3593,0.9472,222454,259956,1.483,1e-05
bwaves,nopref,0.60932,,,,,2753203,,18.3547,
bwaves,bingo,0.97804,1.6051,0.8214,0.9784,0.9999,491723,2753203,3.2782,0.01386
bwaves,ipcp,1.24035,2.0356,0.9571,0.0093,0.0422,118042,2753203,0.7869,0.03902
bwaves,spp_dev2,1.11842,1.8355,0.3805,0.0879,0.9999,1705639,2753203,11.3709,0.15424
bwaves,streamer,1.14743,1.8831,0.9195,0.2196,0.9993,221725,2753203,1.4782,0.004
bwaves,stride,0.8427,1.383,0.4846,0.3048,1.0,1419002,2753203,9.46,0.33311
gcc,nopref,1.37508,,,,,7458864,,49.7258,
gcc,bingo,1.39108,1.0116,0.0003,0.0571,0.2729,7456598,7458864,49.7107,0.05362
gcc,ipcp,1.39405,1.0138,0.0061,0.0641,0.0533,7413419,7458864,49.4228,0.03085
gcc,spp_dev2,1.37854,1.0025,0.0,0.004,0.5166,7458716,7458864,49.7248,0.07065
gcc,streamer,1.38686,1.0086,0.002,0.1174,0.1716,7443949,7458864,49.6263,0.01446
gcc,stride,1.37642,1.001,0.0003,0.2474,0.5418,7456882,7458864,49.7125,0.00321
GemsFDTD,nopref,0.45228,,,,,1673797,,11.1586,
GemsFDTD,bingo,0.56431,1.2477,0.4294,0.4644,0.9291,955047,1673797,6.367,0.00516
GemsFDTD,ipcp,0.58895,1.3022,0.7486,0.0077,0.0072,420747,1673797,2.805,0.08263
GemsFDTD,spp_dev2,0.56141,1.2413,0.3148,0.1587,0.9755,1146861,1673797,7.6457,0.01054
GemsFDTD,streamer,0.51386,1.1362,0.3796,0.1416,0.3074,1038403,1673797,6.9227,0.00104
GemsFDTD,stride,0.47394,1.0479,0.1569,0.2977,0.6534,1411108,1673797,9.4074,3e-05
lbm,nopref,0.48462,,,,,4298067,,28.6538,
lbm,bingo,0.67859,1.4003,0.2284,0.9619,1.0,3316233,4298067,22.1082,0.02932
lbm,ipcp,0.66761,1.3776,0.2296,0.0385,0.0834,3311196,4298067,22.0746,0.33244
lbm,spp_dev2,0.66021,1.3623,0.0773,0.0573,1.0,3965670,4298067,26.4378,0.25203
lbm,streamer,0.61976,1.2789,0.12,0.658,1.0,3782135,4298067,25.2142,0.34071
lbm,stride,0.51488,1.0624,0.098,0.4659,1.0,3876784,4298067,25.8452,0.01075
leslie3d,nopref,0.57944,,,,,1423457,,9.4897,
leslie3d,bingo,1.00329,1.7315,0.6987,0.8022,0.981,428945,1423457,2.8596,0.00724
leslie3d,ipcp,1.10278,1.9032,0.8111,0.0192,0.1189,268934,1423457,1.7929,0.00114
leslie3d,spp_dev2,1.01109,1.7449,0.457,0.1037,0.971,772867,1423457,5.1524,0.04139
leslie3d,streamer,0.98734,1.704,0.6001,0.1428,0.8254,569255,1423457,3.795,0.0171
leslie3d,stride,0.87022,1.5018,0.4856,0.2703,0.9651,732209,1423457,4.8814,0.21524
libquantum,nopref,0.51376,,,,,3902726,,26.0182,
libquantum,bingo,0.93577,1.8214,0.8348,0.8966,0.9999,644686,3902726,4.2979,0.09243
libquantum,ipcp,0.90893,1.7692,0.9922,0.0005,0.001,30488,3902726,0.2033,0.78681
libquantum,spp_dev2,0.80683,1.5704,0.2453,0.0484,1.0,2945357,3902726,19.6357,0.42662
libquantum,streamer,0.81705,1.5903,0.6496,0.1576,1.0,1367337,3902726,9.1156,0.23359
libquantum,stride,0.55019,1.0709,0.1793,0.1735,1.0,3203145,3902726,21.3543,0.54075
mcf,nopref,0.08243,,,,,14277073,,95.1805,
mcf,bingo,0.06837,0.8294,0.0244,0.0049,0.2558,13928306,14277073,92.8554,0.01223
mcf,ipcp,0.09334,1.1324,0.0502,0.0934,0.1046,13560808,14277073,90.4054,0.00116
mcf,spp_dev2,0.08085,0.9808,-0.0015,0.0,0.0482,14298465,14277073,95.3231,0.07071
mcf,streamer,0.08179,0.9922,0.0206,0.0938,0.1876,13982966,14277073,93.2198,0.01031
mcf,stride,0.08243,1.0,0.0001,0.0286,0.3035,14274978,14277073,95.1665,0.02684
milc,nopref,0.41879,,,,,2726470,,18.1765,
milc,bingo,0.63337,1.5124,0.3647,0.5693,0.999,1732167,2726470,11.5478,0.2284
milc,ipcp,0.71149,1.6989,0.6697,0.0002,0.0002,900616,2726470,6.0041,0.44161
milc,spp_dev2,0.65964,1.5751,0.186,0.0796,0.8196,2219434,2726470,14.7962,0.31917
milc,streamer,0.59014,1.4092,0.3171,0.1102,0.2678,1861943,2726470,12.413,0.14098
milc,stride,0.59659,1.4246,0.4298,0.3632,0.9984,1554686,2726470,10.3646,0.10227
omnetpp,nopref,0.25013,,,,,3291063,,21.9404,
omnetpp,bingo,0.29379,1.1745,0.2107,0.1584,0.7136,2597532,3291063,17.3169,0.0549
omnetpp,ipcp,0.27742,1.1091,0.3135,0.0782,0.0827,2259408,3291063,15.0627,0.19789
omnetpp,spp_dev2,0.26457,1.0577,0.0197,0.0402,0.8921,3226240,3291063,21.5083,0.19191
omnetpp,streamer,0.27149,1.0854,0.1479,0.1358,0.2815,2804441,3291063,18.6963,0.11837
omnetpp,stride,0.25168,1.0062,0.0086,0.2098,0.5555,3262838,3291063,21.7523,0.00146
sjeng,nopref,0.52474,,,,,62299,,0.4153,
sjeng,bingo,0.5253,1.0011,0.0187,0.0325,0.1028,61131,62299,0.4075,0.00382
sjeng,ipcp,0.52444,0.9994,-0.0044,0.0099,0.0345,62575,62299,0.4172,0.00489
sjeng,spp_dev2,0.52475,1.0,0.0002,0.0,,62285,62299,0.4152,
sjeng,streamer,0.52475,1.0,0.012,0.0235,0.2082,61550,62299,0.4103,0.00693
sjeng,stride,0.52475,1.0,0.0031,0.04,0.3455,62103,62299,0.414,0.04748
soplex,nopref,0.2775,,,,,6388641,,42.5909,
soplex,bingo,0.36981,1.3326,0.1837,0.098,0.7631,5215162,6388641,34.7677,0.02678
soplex,ipcp,0.40767,1.4691,0.5373,0.0339,0.1159,2955955,6388641,19.7064,0.03855
soplex,spp_dev2,0.32744,1.18,0.1021,0.0722,0.9563,5736660,6388641,38.2444,0.11587
soplex,streamer,0.38985,1.4049,0.4493,0.1645,0.5937,3518014,6388641,23.4534,0.05777
soplex,stride,0.32655,1.1768,0.1798,0.3033,0.8453,5239756,6388641,34.9317,0.19309
xalancbmk,nopref,0.58077,,,,,472847,,3.1523,
xalancbmk,bingo,0.57945,0.9977,0.0859,0.0405,0.5701,432218,472847,2.8815,0.0238
xalancbmk,ipcp,0.58031,0.9992,0.1748,0.0066,0.0448,390199,472847,2.6013,0.03217
xalancbmk,spp_dev2,0.58173,1.0017,0.0233,0.0095,0.7204,461850,472847,3.079,0.05201
xalancbmk,streamer,0.58377,1.0052,0.0624,0.012,0.3619,443354,472847,2.9557,0.00389
xalancbmk,stride,0.58235,1.0027,0.0297,0.0155,0.9029,458799,472847,3.0587,0.00207
